Workbook

Sheet Leads
A1: # | B1: Prior. | C1: Score | D1: Tipo | E1: Categoria | F1: Especialidade / nicho | G1: Nome | H1: Instagram | I1: Bairro | J1: Seguidores | K1: Registro | L1: Site atual | M1: Link da bio | N1: Último post | O1: Prévia | P1: Mensagem 1 (DM) | Q1: Follow-up (2 dias) | R1: Status | S1: Data contato | T1: Próximo passo | U1: Observação
A2: 1 | B2: A | C2: 10 | D2: Profissional | E2: Dentista | F2: odontologia | G2: Odonto8 Tatuapé | H2: @odonto8.tatuape | I2: Tatuapé | J2: 7116 | K2: CRO-CL 17739 | L2: nao encontrado | O2: Abrir prévia | P2: Oi, pessoal da Odonto8 Tatuapé! Sou o [SEU NOME], da Downway. Acompanho o conteúdo de vocês de odontologia aqui no Instagram e montei uma prévia de site para a Odonto8 Tatuapé, já com CRO e responsável técnico em destaque: https://downway.com.br/demo/odonto8-tatuape/ Hoje, quem pesquisa "dentista no Tatuapé" no Google encontra outros profissionais. Com o site, essa pessoa chega até vocês e já fala no WhatsApp. Posso mostrar como fica no ar? | Q2: Oi! Conseguiu ver a prévia do site? Se quiser, ajusto cores, fotos ou textos para ficar com a cara do seu trabalho. A prévia fica no ar por 7 dias. | R2: Novo
A3: 2 | B3: A | C3: 9 | D3: Profissional | E3: Advogado | F3: família | G3: Ana Ricarte Advocacia | H3: @anaricarteadvogada | I3: São Paulo | J3: 14000 | L3: nao encontrado | O3: Abrir prévia | P3: Oi, Ana! Sou o [SEU NOME], da Downway. Acompanho seu conteúdo de direito de família aqui no Instagram e montei uma prévia de site para você, já seguindo as regras de publicidade da OAB (Provimento 205/2021): https://downway.com.br/demo/anaricarteadvogada/ Hoje, quem pesquisa "advogado de família em São Paulo" no Google encontra outros profissionais. Com o site, essa pessoa chega até você e já fala no WhatsApp. Posso mostrar como fica no ar? | Q3: Oi! Conseguiu ver a prévia do site? Se quiser, ajusto cores, fotos ou textos para ficar com a cara do seu trabalho. A prévia fica no ar por 7 dias. | R3: Novo
A4: 3 | B4: A | C4: 9 | D4: Profissional | E4: Advogado | F4: família | G4: Andreia Pereira Advocacia | H4: @andreiapereira.adv | I4: São Paulo | J4: 28000 | L4: nao encontrado | O4: Abrir prévia | P4: Oi, Andreia! Sou o [SEU NOME], da Downway. Acompanho seu conteúdo de direito de família aqui no Instagram e montei uma prévia de site para você, já seguindo as regras de publicidade da OAB (Provimento 205/2021): https://downway.com.br/demo/andreiapereira-adv/ Hoje, quem pesquisa "advogado de família em São Paulo" no Google encontra outros profissionais. Com o site, essa pessoa chega até você e já fala no WhatsApp. Posso mostrar como fica no ar? | Q4: Oi! Conseguiu ver a prévia do site? Se quiser, ajusto cores, fotos ou textos para ficar com a cara do seu trabalho. A prévia fica no ar por 7 dias. | R4: Novo
A5: 4 | B5: A | C5: 9 | D5: Profissional | E5: Advogado | F5: família | G5: Barbara Ferreira Advocacia | H5: @baferreiraadv | I5: São Paulo | J5: 7362 | L5: nao encontrado | O5: Abrir prévia | P5: Oi, Barbara! Sou o [SEU NOME], da Downway. Acompanho seu conteúdo de direito de família aqui no Instagram e montei uma prévia de site para você, já seguindo as regras de publicidade da OAB (Provimento 205/2021): https://downway.com.br/demo/baferreiraadv/ Hoje, quem pesquisa "advogado de família em São Paulo" no Google encontra outros profissionais. Com o site, essa pessoa chega até você e já fala no WhatsApp. Posso mostrar como fica no ar? | Q5: Oi! Conseguiu ver a prévia do site? Se quiser, ajusto cores, fotos ou textos para ficar com a cara do seu trabalho. A prévia fica no ar por 7 dias. | R5: Novo
A6: 5 | B6: A | C6: 9 | D6: Profissional | E6: Advogado | F6: consumidor | G6: Caio De Luccas Advocacia | H6: @caiodeluccas.adv | I6: São Paulo | J6: 12000 | L6: nao encontrado | O6: Abrir prévia | P6: Oi, Caio! Sou o [SEU NOME], da Downway. Acompanho seu conteúdo de direito do consumidor aqui no Instagram e montei uma prévia de site para você, já seguindo as regras de publicidade da OAB (Provimento 205/2021): https://downway.com.br/demo/caiodeluccas-adv/ Hoje, quem pesquisa "advogado do consumidor em São Paulo" no Google encontra outros profissionais. Com o site, essa pessoa chega até você e já fala no WhatsApp. Posso mostrar como fica no ar? | Q6: Oi! Conseguiu ver a prévia do site? Se quiser, ajusto cores, fotos ou textos para ficar com a cara do seu trabalho. A prévia fica no ar por 7 dias. | R6: Novo
A7: 6 | B7: A | C7: 9 | D7: Profissional | E7: Advogado | F7: trabalhista | G7: Jonas Figueiredo Advocacia | H7: @jonasfigueiredoadv | I7: São Paulo | J7: 5756 | L7: nao encontrado | O7: Abrir prévia | P7: Oi, Jonas! Sou o [SEU NOME], da Downway. Acompanho seu conteúdo de direito trabalhista aqui no Instagram e montei uma prévia de site para você, já seguindo as regras de publicidade da OAB (Provimento 205/2021): https://downway.com.br/demo/jonasfigueiredoadv/ Hoje, quem pesquisa "advogado trabalhista em São Paulo" no Google encontra outros profissionais. Com o site, essa pessoa chega até você e já fala no WhatsApp. Posso mostrar como fica no ar? | Q7: Oi! Conseguiu ver a prévia do site? Se quiser, ajusto cores, fotos ou textos para ficar com a cara do seu trabalho. A prévia fica no ar por 7 dias. | R7: Novo
A8: 7 | B8: A | C8: 9 | D8: Profissional | E8: Advogado | F8: família | G8: Ligia Bertaggia Advocacia | H8: @direitodefamiliaesucessoes | I8: São Paulo | J8: 13000 | L8: nao encontrado | O8: Abrir prévia | P8: Oi, Ligia! Sou o [SEU NOME], da Downway. Acompanho seu conteúdo de direito de família aqui no Instagram e montei uma prévia de site para você, já seguindo as regras de publicidade da OAB (Provimento 205/2021): https://downway.com.br/demo/direitodefamiliaesucessoes/ Hoje, quem pesquisa "advogado de família em São Paulo" no Google encontra outros profissionais. Com o site, essa pessoa chega até você e já fala no WhatsApp. Posso mostrar como fica no ar? | Q8: Oi! Conseguiu ver a prévia do site? Se quiser, ajusto cores, fotos ou textos para ficar com a cara do seu trabalho. A prévia fica no ar por 7 dias. | R8: Novo
A9: 8 | B9: A | C9: 9 | D9: Profissional | E9: Advogado | F9: família | G9: Mariana Regis Advocacia | H9: @marianaregisadvogada | I9: São Paulo | J9: 34000 | L9: nao encontrado | O9: Abrir prévia | P9: Oi, Mariana! Sou o [SEU NOME], da Downway. Acompanho seu conteúdo de direito de família aqui no Instagram e montei uma prévia de site para você, já seguindo as regras de publicidade da OAB (Provimento 205/2021): https://downway.com.br/demo/marianaregisadvogada/ Hoje, quem pesquisa "advogado de família em São Paulo" no Google encontra outros profissionais. Com o site, essa pessoa chega até você e já fala no WhatsApp. Posso mostrar como fica no ar? | Q9: Oi! Conseguiu ver a prévia do site? Se quiser, ajusto cores, fotos ou textos para ficar com a cara do seu trabalho. A prévia fica no ar por 7 dias. | R9: Novo
A10: 9 | B10: A | C10: 9 | D10: Profissional | E10: Advogado | F10: previdenciário | G10: Suzana de Amorim Advocacia | H10: @suzanadeamorim | I10: São Paulo | J10: 49000 | L10: nao encontrado | O10: Abrir prévia | P10: Oi, Suzana! Sou o [SEU NOME], da Downway. Acompanho seu conteúdo de direito previdenciário aqui no Instagram e montei uma prévia de site para você, já seguindo as regras de publicidade da OAB (Provimento 205/2021): https://downway.com.br/demo/suzanadeamorim/ Hoje, quem pesquisa "advogado previdenciário em São Paulo" no Google encontra outros profissionais. Com o site, essa pessoa chega até você e já fala no WhatsApp. Posso mostrar como fica no ar? | Q10: Oi! Conseguiu ver a prévia do site? Se quiser, ajusto cores, fotos ou textos para ficar com a cara do seu trabalho. A prévia fica no ar por 7 dias. | R10: Novo | U10: Atende Brasil todo = site traz cliente de fora
A11: 10 | B11: A | C11: 9 | D11: Profissional | E11: Advogado | F11: imobiliário | G11: Vanessa Leite Advocacia | H11: @vanessaleite_adv | I11: São Paulo | J11: 4621 | L11: nao encontrado | O11: Abrir prévia | P11: Oi, Vanessa! Sou o [SEU NOME], da Downway. Acompanho seu conteúdo de direito imobiliário aqui no Instagram e montei uma prévia de site para você, já seguindo as regras de publicidade da OAB (Provimento 205/2021): https://downway.com.br/demo/vanessaleite-adv/ Hoje, quem pesquisa "advogado imobiliário em São Paulo" no Google encontra outros profissionais. Com o site, essa pessoa chega até você e já fala no WhatsApp. Posso mostrar como fica no ar? | Q11: Oi! Conseguiu ver a prévia do site? Se quiser, ajusto cores, fotos ou textos para ficar com a cara do seu trabalho. A prévia fica no ar por 7 dias. | R11: Novo
A12: 11 | B12: A | C12: 9 | D12: Profissional | E12: Advogado | F12: consumidor | G12: Victor Tosta Advocacia | H12: @advvictortosta | I12: São Paulo | J12: 6244 | L12: nao encontrado | O12: Abrir prévia | P12: Oi, Victor! Sou o [SEU NOME], da Downway. Acompanho seu conteúdo de direito do consumidor aqui no Instagram e montei uma prévia de site para você, já seguindo as regras de publicidade da OAB (Provimento 205/2021): https://downway.com.br/demo/advvictortosta/ Hoje, quem pesquisa "advogado do consumidor em São Paulo" no Google encontra outros profissionais. Com o site, essa pessoa chega até você e já fala no WhatsApp. Posso mostrar como fica no ar? | Q12: Oi! Conseguiu ver a prévia do site? Se quiser, ajusto cores, fotos ou textos para ficar com a cara do seu trabalho. A prévia fica no ar por 7 dias. | R12: Novo
A13: 12 | B13: A | C13: 9 | D13: Profissional | E13: Dentista | F13: odontologia | G13: Prez Odonto Tatuapé | H13: @prezodonto | I13: Tatuapé | J13: 10000 | L13: nao encontrado | O13: Abrir prévia | P13: Oi, pessoal da Prez Odonto Tatuapé! Sou o [SEU NOME], da Downway. Acompanho o conteúdo de vocês de odontologia aqui no Instagram e montei uma prévia de site para a Prez Odonto Tatuapé, já com CRO e responsável técnico em destaque: https://downway.com.br/demo/prezodonto/ Hoje, quem pesquisa "dentista no Tatuapé" no Google encontra outros profissionais. Com o site, essa pessoa chega até vocês e já fala no WhatsApp. Posso mostrar como fica no ar? | Q13: Oi! Conseguiu ver a prévia do site? Se quiser, ajusto cores, fotos ou textos para ficar com a cara do seu trabalho. A prévia fica no ar por 7 dias. | R13: Novo
A14: 13 | B14: A | C14: 9 | D14: Profissional | E14: Médico | F14: cardiologia | G14: Dr. Lucas Trindade | H14: @drlucastrindade | I14: Itaim Bibi | K14: CRM-SP 168.448 | L14: nao encontrado | O14: Abrir prévia | P14: Oi, Dr. Lucas! Sou o [SEU NOME], da Downway. Acompanho seu conteúdo de cardiologia aqui no Instagram e montei uma prévia de site para você, já seguindo a resolução de publicidade médica do CFM (2.336/2023): https://downway.com.br/demo/drlucastrindade/ Hoje, quem pesquisa "cardiologista no Itaim" no Google encontra outros profissionais. Com o site, essa pessoa chega até você e já fala no WhatsApp. Posso mostrar como fica no ar? | Q14: Oi! Conseguiu ver a prévia do site? Se quiser, ajusto cores, fotos ou textos para ficar com a cara do seu trabalho. A prévia fica no ar por 7 dias. | R14: Novo
A15: 14 | B15: A | C15: 9 | D15: Profissional | E15: Médico | F15: dermatologia | G15: Dra. Carmem Durazzo | H15: @carmemdermatologista | I15: São Paulo | K15: CRM 59801 · RQE 45813 | L15: nao encontrado | O15: Abrir prévia | P15: Oi, Dra. Carmem! Sou o [SEU NOME], da Downway. Acompanho seu conteúdo de dermatologia aqui no Instagram e montei uma prévia de site para você, já seguindo a resolução de publicidade médica do CFM (2.336/2023): https://downway.com.br/demo/carmemdermatologista/ Hoje, quem pesquisa "dermatologista em São Paulo" no Google encontra outros profissionais. Com o site, essa pessoa chega até você e já fala no WhatsApp. Posso mostrar como fica no ar? | Q15: Oi! Conseguiu ver a prévia do site? Se quiser, ajusto cores, fotos ou textos para ficar com a cara do seu trabalho. A prévia fica no ar por 7 dias. | R15: Novo
A16: 15 | B16: A | C16: 9 | D16: Profissional | E16: Médico | F16: endocrinologia | G16: Dra. Paula Pires Giacomini | H16: @drapaulapires | I16: São Paulo | K16: CRM 138809 · RQE 47818 | L16: nao encontrado | O16: Abrir prévia | P16: Oi, Dra. Paula! Sou o [SEU NOME], da Downway. Acompanho seu conteúdo de endocrinologia aqui no Instagram e montei uma prévia de site para você, já seguindo a resolução de publicidade médica do CFM (2.336/2023): https://downway.com.br/demo/drapaulapires/ Hoje, quem pesquisa "endocrinologista em São Paulo" no Google encontra outros profissionais. Com o site, essa pessoa chega até você e já fala no WhatsApp. Posso mostrar como fica no ar? | Q16: Oi! Conseguiu ver a prévia do site? Se quiser, ajusto cores, fotos ou textos para ficar com a cara do seu trabalho. A prévia fica no ar por 7 dias. | R16: Novo
A17: 16 | B17: A | C17: 9 | D17: Profissional | E17: Nutricionista | F17: nutrição infantil | G17: Paula Stancari Nutrição Materno-Infantil | H17: @nutripaulastancari | I17: Vila Mariana | L17: nao encontrado | O17: Abrir prévia | P17: Oi, Paula! Sou o [SEU NOME], da Downway. Acompanho seu conteúdo de nutrição materno-infantil aqui no Instagram e montei uma prévia de site para você, já com o CRN em destaque e dentro das regras do conselho: https://downway.com.br/demo/nutripaulastancari/ Hoje, quem pesquisa "nutricionista infantil em São Paulo" no Google encontra outros profissionais. Com o site, essa pessoa chega até você e já fala no WhatsApp. Posso mostrar como fica no ar? | Q17: Oi! Conseguiu ver a prévia do site? Se quiser, ajusto cores, fotos ou textos para ficar com a cara do seu trabalho. A prévia fica no ar por 7 dias. | R17: Novo | U17: Endereço: R. Cubatão, 929
A18: 17 | B18: A | C18: 9 | D18: Profissional | E18: Nutricionista | F18: nutrição | G18: Tainá Carvalho Nutricionista | H18: @nutricionistaesportivo_taina | I18: São Paulo | K18: CRN 34890 | L18: nao encontrado | O18: Abrir prévia | P18: Oi, Tainá! Sou o [SEU NOME], da Downway. Acompanho seu conteúdo de nutrição aqui no Instagram e montei uma prévia de site para você, já com o CRN em destaque e dentro das regras do conselho: https://downway.com.br/demo/nutricionistaesportivo-taina/ Hoje, quem pesquisa "nutricionista em São Paulo" no Google encontra outros profissionais. Com o site, essa pessoa chega até você e já fala no WhatsApp. Posso mostrar como fica no ar? | Q18: Oi! Conseguiu ver a prévia do site? Se quiser, ajusto cores, fotos ou textos para ficar com a cara do seu trabalho. A prévia fica no ar por 7 dias. | R18: Novo
A19: 18 | B19: A | C19: 9 | D19: Profissional | E19: Psicólogo | F19: psicologia | G19: Beatriz Sampaio Arraes Psicóloga | H19: @psicologadeplantao | I19: São Paulo | K19: CRP 06/145121 | L19: nao encontrado | O19: Abrir prévia | P19: Oi, Beatriz! Sou o [SEU NOME], da Downway. Acompanho seu conteúdo de psicologia aqui no Instagram e montei uma prévia de site para você, já dentro do código de ética do CFP: https://downway.com.br/demo/psicologadeplantao/ Hoje, quem pesquisa "psicóloga em São Paulo" no Google encontra outros profissionais. Com o site, essa pessoa chega até você e já fala no WhatsApp. Posso mostrar como fica no ar? | Q19: Oi! Conseguiu ver a prévia do site? Se quiser, ajusto cores, fotos ou textos para ficar com a cara do seu trabalho. A prévia fica no ar por 7 dias. | R19: Novo
A20: 19 | B20: A | C20: 9 | D20: Profissional | E20: Psicólogo | F20: psicologia | G20: Clínica Internaliza Psicologia | H20: @internalizapsicologia | I20: São Paulo | K20: CRP 06/11127/J | L20: nao encontrado | O20: Abrir prévia | P20: Oi, pessoal da Clínica Internaliza Psicologia! Sou o [SEU NOME], da Downway. Acompanho o conteúdo de vocês de psicologia aqui no Instagram e montei uma prévia de site para a Clínica Internaliza Psicologia, já dentro do código de ética do CFP: https://downway.com.br/demo/internalizapsicologia/ Hoje, quem pesquisa "psicóloga em São Paulo" no Google encontra outros profissionais. Com o site, essa pessoa chega até vocês e já fala no WhatsApp. Posso mostrar como fica no ar? | Q20: Oi! Conseguiu ver a prévia do site? Se quiser, ajusto cores, fotos ou textos para ficar com a cara do seu trabalho. A prévia fica no ar por 7 dias. | R20: Novo
A21: 20 | B21: A | C21: 9 | D21: Profissional | E21: Quiropraxia/Fisio | F21: quiropraxia | G21: SPQuiro Clínica de Quiropraxia | H21: @sp.quiro | I21: Zona Norte | L21: nao encontrado | O21: Abrir prévia | P21: Oi, pessoal da SPQuiro Clínica de Quiropraxia! Sou o [SEU NOME], da Downway. Acompanho o conteúdo de vocês de quiropraxia aqui no Instagram e montei uma prévia de site para a SPQuiro Clínica de Quiropraxia, com agendamento direto pelo WhatsApp: https://downway.com.br/demo/sp-quiro/ Hoje, quem pesquisa "quiropraxia na zona norte" no Google encontra outros profissionais. Com o site, essa pessoa chega até vocês e já fala no WhatsApp. Posso mostrar como fica no ar? | Q21: Oi! Conseguiu ver a prévia do site? Se quiser, ajusto cores, fotos ou textos para ficar com a cara do seu trabalho. A prévia fica no ar por 7 dias. | R21: Novo | U21: Endereço: R. Maria Amália Lopes de Azevedo, 250, sala 02
A22: 21 | B22: A | C22: 8 | D22: Profissional | E22: Advogado | F22: previdenciário | G22: Fernanda Diniz Advocacia Previdenciária | H22: @fernandadinizprev | I22: São Paulo | L22: nao encontrado | O22: Abrir prévia | P22: Oi, Fernanda! Sou o [SEU NOME], da Downway. Acompanho seu conteúdo de direito previdenciário aqui no Instagram e montei uma prévia de site para você, já seguindo as regras de publicidade da OAB (Provimento 205/2021): https://downway.com.br/demo/fernandadinizprev/ Hoje, quem pesquisa "advogado previdenciário em São Paulo" no Google encontra outros profissionais. Com o site, essa pessoa chega até você e já fala no WhatsApp. Posso mostrar como fica no ar? | Q22: Oi! Conseguiu ver a prévia do site? Se quiser, ajusto cores, fotos ou textos para ficar com a cara do seu trabalho. A prévia fica no ar por 7 dias. | R22: Novo
A23: 22 | B23: A | C23: 8 | D23: Negócio local | E23: Barbearia | F23: barbearia | G23: Barbearia Lacerda | H23: @barbearialacerda | I23: Mooca | J23: 3186 | L23: nao encontrado | O23: Abrir prévia | P23: Oi, pessoal da Barbearia Lacerda! Sou o [SEU NOME], da Downway. Curto muito o trabalho de vocês aqui no Instagram. Montei uma prévia de site para a Barbearia Lacerda só para vocês verem como fica: https://downway.com.br/demo/barbearialacerda/ Quem procura "barbearia Mooca" no Google cai nos concorrentes. Com o site, cai em vocês e já chama no WhatsApp. Abre no celular e me diz o que achou? | Q23: Oi! Conseguiu ver a prévia do site? Se quiser, ajusto cores, fotos ou textos para ficar com a cara de vocês. A prévia fica no ar por 7 dias. | R23: Novo
A24: 23 | B24: A | C24: 8 | D24: Negócio local | E24: Hamburgueria | F24: hamburgueria | G24: Smash Burger do Cheff | H24: @smashburguerdocheff | I24: Perus | J24: 26000 | L24: nao encontrado | O24: Abrir prévia | P24: Oi, pessoal da Smash Burger do Cheff! Sou o [SEU NOME], da Downway. Curto muito o trabalho de vocês aqui no Instagram. Montei uma prévia de site para a Smash Burger do Cheff só para vocês verem como fica: https://downway.com.br/demo/smashburguerdocheff/ Quem procura "hamburgueria Perus" no Google cai nos concorrentes. Com o site, cai em vocês e já chama no WhatsApp. Abre no celular e me diz o que achou? | Q24: Oi! Conseguiu ver a prévia do site? Se quiser, ajusto cores, fotos ou textos para ficar com a cara de vocês. A prévia fica no ar por 7 dias. | R24: Novo | U24: Perfil grande sem site = alvo forte
A25: 24 | B25: A | C25: 8 | D25: Negócio local | E25: Hamburgueria | F25: hamburgueria | G25: Smash Burger e Bar (Winner) | H25: @winnerburger | I25: Vila Mascote | J25: 7980 | L25: nao encontrado | O25: Abrir prévia | P25: Oi, pessoal da Smash Burger e Bar (Winner)! Sou o [SEU NOME], da Downway. Curto muito o trabalho de vocês aqui no Instagram. Montei uma prévia de site para a Smash Burger e Bar (Winner) só para vocês verem como fica: https://downway.com.br/demo/winnerburger/ Quem procura "hamburgueria Vila Mascote" no Google cai nos concorrentes. Com o site, cai em vocês e já chama no WhatsApp. Abre no celular e me diz o que achou? | Q25: Oi! Conseguiu ver a prévia do site? Se quiser, ajusto cores, fotos ou textos para ficar com a cara de vocês. A prévia fica no ar por 7 dias. | R25: Novo
A26: 25 | B26: A | C26: 8 | D26: Profissional | E26: Nutricionista | F26: nutrição | G26: Patricia Davidson Nutricionista | H26: @patriciadavidson.nutri | I26: São Paulo | L26: nao encontrado | O26: Abrir prévia | P26: Oi, Patricia! Sou o [SEU NOME], da Downway. Acompanho seu conteúdo de nutrição aqui no Instagram e montei uma prévia de site para você, já com o CRN em destaque e dentro das regras do conselho: https://downway.com.br/demo/patriciadavidson-nutri/ Hoje, quem pesquisa "nutricionista em São Paulo" no Google encontra outros profissionais. Com o site, essa pessoa chega até você e já fala no WhatsApp. Posso mostrar como fica no ar? | Q26: Oi! Conseguiu ver a prévia do site? Se quiser, ajusto cores, fotos ou textos para ficar com a cara do seu trabalho. A prévia fica no ar por 7 dias. | R26: Novo
A27: 26 | B27: A | C27: 8 | D27: Profissional | E27: Nutricionista | F27: nutrição | G27: Paula Paraíso Nutricionista | H27: @nutripaulaparaiso | I27: São Paulo | L27: nao encontrado | O27: Abrir prévia | P27: Oi, Paula! Sou o [SEU NOME], da Downway. Acompanho seu conteúdo de nutrição aqui no Instagram e montei uma prévia de site para você, já com o CRN em destaque e dentro das regras do conselho: https://downway.com.br/demo/nutripaulaparaiso/ Hoje, quem pesquisa "nutricionista em São Paulo" no Google encontra outros profissionais. Com o site, essa pessoa chega até você e já fala no WhatsApp. Posso mostrar como fica no ar? | Q27: Oi! Conseguiu ver a prévia do site? Se quiser, ajusto cores, fotos ou textos para ficar com a cara do seu trabalho. A prévia fica no ar por 7 dias. | R27: Novo
A28: 27 | B28: A | C28: 8 | D28: Profissional | E28: Nutricionista | F28: nutrição | G28: Thais Pereira Nutrição Esportiva | H28: @thaispereiranutri | I28: Mooca | L28: nao encontrado | O28: Abrir prévia | P28: Oi, Thais! Sou o [SEU NOME], da Downway. Acompanho seu conteúdo de nutrição aqui no Instagram e montei uma prévia de site para você, já com o CRN em destaque e dentro das regras do conselho: https://downway.com.br/demo/thaispereiranutri/ Hoje, quem pesquisa "nutricionista em São Paulo" no Google encontra outros profissionais. Com o site, essa pessoa chega até você e já fala no WhatsApp. Posso mostrar como fica no ar? | Q28: Oi! Conseguiu ver a prévia do site? Se quiser, ajusto cores, fotos ou textos para ficar com a cara do seu trabalho. A prévia fica no ar por 7 dias. | R28: Novo
A29: 28 | B29: A | C29: 8 | D29: Negócio local | E29: Pizzaria | F29: pizzaria | G29: São Paulo Pizzas | H29: @saopaulopizzas | I29: Bela Vista | J29: 1304 | L29: nao encontrado | O29: Abrir prévia | P29: Oi, pessoal da São Paulo Pizzas! Sou o [SEU NOME], da Downway. Curto muito o trabalho de vocês aqui no Instagram. Montei uma prévia de site para a São Paulo Pizzas só para vocês verem como fica: https://downway.com.br/demo/saopaulopizzas/ Quem procura "pizzaria Bela Vista" no Google cai nos concorrentes. Com o site, cai em vocês e já chama no WhatsApp. Abre no celular e me diz o que achou? | Q29: Oi! Conseguiu ver a prévia do site? Se quiser, ajusto cores, fotos ou textos para ficar com a cara de vocês. A prévia fica no ar por 7 dias. | R29: Novo
A30: 29 | B30: A | C30: 8 | D30: Profissional | E30: Psicólogo | F30: psicologia | G30: Psicologia Clínica Tatuapé | H30: @psicotatuape | I30: Tatuapé | L30: nao encontrado | O30: Abrir prévia | P30: Oi, pessoal da Psicologia Clínica Tatuapé! Sou o [SEU NOME], da Downway. Acompanho o conteúdo de vocês de psicologia aqui no Instagram e montei uma prévia de site para a Psicologia Clínica Tatuapé, já dentro do código de ética do CFP: https://downway.com.br/demo/psicotatuape/ Hoje, quem pesquisa "psicóloga em São Paulo" no Google encontra outros profissionais. Com o site, essa pessoa chega até vocês e já fala no WhatsApp. Posso mostrar como fica no ar? | Q30: Oi! Conseguiu ver a prévia do site? Se quiser, ajusto cores, fotos ou textos para ficar com a cara do seu trabalho. A prévia fica no ar por 7 dias. | R30: Novo
A31: 30 | B31: B | C31: 8 | D31: Profissional | E31: Médico | F31: dermatologia | G31: Dra. Sarah Brasil | H31: @sarahbrasildermato | I31: São Paulo | K31: RQE 5241 | L31: nao encontrado | O31: Abrir prévia | P31: Oi, Dra. Sarah! Sou o [SEU NOME], da Downway. Acompanho seu conteúdo de dermatologia aqui no Instagram e montei uma prévia de site para você, já seguindo a resolução de publicidade médica do CFM (2.336/2023): https://downway.com.br/demo/sarahbrasildermato/ Hoje, quem pesquisa "dermatologista em São Paulo" no Google encontra outros profissionais. Com o site, essa pessoa chega até você e já fala no WhatsApp. Posso mostrar como fica no ar? | Q31: Oi! Conseguiu ver a prévia do site? Se quiser, ajusto cores, fotos ou textos para ficar com a cara do seu trabalho. A prévia fica no ar por 7 dias. | R31: Novo | U31: Confirmar cidade e CRM
A32: 31 | B32: A | C32: 7 | D32: Negócio local | E32: Barbearia | F32: barbearia | G32: Barbearia Bresser | H32: @bresserbarbearia | I32: Mooca | J32: 1603 | L32: nao encontrado | O32: Abrir prévia | P32: Oi, pessoal da Barbearia Bresser! Sou o [SEU NOME], da Downway. Curto muito o trabalho de vocês aqui no Instagram. Montei uma prévia de site para a Barbearia Bresser só para vocês verem como fica: https://downway.com.br/demo/bresserbarbearia/ Quem procura "barbearia Mooca" no Google cai nos concorrentes. Com o site, cai em vocês e já chama no WhatsApp. Abre no celular e me diz o que achou? | Q32: Oi! Conseguiu ver a prévia do site? Se quiser, ajusto cores, fotos ou textos para ficar com a cara de vocês. A prévia fica no ar por 7 dias. | R32: Novo
A33: 32 | B33: A | C33: 7 | D33: Negócio local | E33: Confeitaria | F33: confeitaria | G33: Casa Caramelo | H33: @casacaramelo230 | I33: São Paulo | J33: 5539 | L33: nao encontrado | O33: Abrir prévia | P33: Oi, pessoal da Casa Caramelo! Sou o [SEU NOME], da Downway. Curto muito o trabalho de vocês aqui no Instagram. Montei uma prévia de site para a Casa Caramelo só para vocês verem como fica: https://downway.com.br/demo/casacaramelo230/ Quem procura "confeitaria São Paulo" no Google cai nos concorrentes. Com o site, cai em vocês e já chama no WhatsApp. Abre no celular e me diz o que achou? | Q33: Oi! Conseguiu ver a prévia do site? Se quiser, ajusto cores, fotos ou textos para ficar com a cara de vocês. A prévia fica no ar por 7 dias. | R33: Novo
A34: 33 | B34: A | C34: 7 | D34: Negócio local | E34: Confeitaria | F34: confeitaria | G34: Confeitaria Mais Bolo | H34: @confeitariamaisbolo | I34: São Paulo | J34: 6577 | L34: nao encontrado | O34: Abrir prévia | P34: Oi, pessoal da Confeitaria Mais Bolo! Sou o [SEU NOME], da Downway. Curto muito o trabalho de vocês aqui no Instagram. Montei uma prévia de site para a Confeitaria Mais Bolo só para vocês verem como fica: https://downway.com.br/demo/confeitariamaisbolo/ Quem procura "confeitaria São Paulo" no Google cai nos concorrentes. Com o site, cai em vocês e já chama no WhatsApp. Abre no celular e me diz o que achou? | Q34: Oi! Conseguiu ver a prévia do site? Se quiser, ajusto cores, fotos ou textos para ficar com a cara de vocês. A prévia fica no ar por 7 dias. | R34: Novo
A35: 34 | B35: A | C35: 7 | D35: Negócio local | E35: Cílios/sobrancelhas | F35: lash | G35: Lash In | H35: @studio.lashin | I35: Rua Eça de Queiroz, 267 | L35: nao encontrado | O35: Abrir prévia | P35: Oi, pessoal da Lash In! Sou o [SEU NOME], da Downway. Curto muito o trabalho de vocês aqui no Instagram. Montei uma prévia de site para a Lash In só para vocês verem como fica: https://downway.com.br/demo/studio-lashin/ Quem procura "cílios/sobrancelhas Rua Eça de Queiroz, 267" no Google cai nos concorrentes. Com o site, cai em vocês e já chama no WhatsApp. Abre no celular e me diz o que achou? | Q35: Oi! Conseguiu ver a prévia do site? Se quiser, ajusto cores, fotos ou textos para ficar com a cara de vocês. A prévia fica no ar por 7 dias. | R35: Novo | U35: Vende curso = site com página de curso
A36: 35 | B36: A | C36: 7 | D36: Negócio local | E36: Estética automotiva | F36: estética automotiva | G36: GB Estética Automotiva | H36: @gb.estetica.automotiva | I36: Vila Formosa | L36: nao encontrado | O36: Abrir prévia | P36: Oi, pessoal da GB Estética Automotiva! Sou o [SEU NOME], da Downway. Curto muito o trabalho de vocês aqui no Instagram. Montei uma prévia de site para a GB Estética Automotiva só para vocês verem como fica: https://downway.com.br/demo/gb-estetica-automotiva/ Quem procura "estética automotiva Vila Formosa" no Google cai nos concorrentes. Com o site, cai em vocês e já chama no WhatsApp. Abre no celular e me diz o que achou? | Q36: Oi! Conseguiu ver a prévia do site? Se quiser, ajusto cores, fotos ou textos para ficar com a cara de vocês. A prévia fica no ar por 7 dias. | R36: Novo
A37: 36 | B37: A | C37: 7 | D37: Negócio local | E37: Estética automotiva | F37: estética automotiva | G37: High Clean | H37: @highclean.sp | I37: Brooklin | J37: 4562 | L37: nao encontrado | O37: Abrir prévia | P37: Oi, pessoal da High Clean! Sou o [SEU NOME], da Downway. Curto muito o trabalho de vocês aqui no Instagram. Montei uma prévia de site para a High Clean só para vocês verem como fica: https://downway.com.br/demo/highclean-sp/ Quem procura "estética automotiva Brooklin" no Google cai nos concorrentes. Com o site, cai em vocês e já chama no WhatsApp. Abre no celular e me diz o que achou? | Q37: Oi! Conseguiu ver a prévia do site? Se quiser, ajusto cores, fotos ou textos para ficar com a cara de vocês. A prévia fica no ar por 7 dias. | R37: Novo | U37: Ticket alto
A38: 37 | B38: A | C38: 7 | D38: Negócio local | E38: Estética automotiva | F38: estética automotiva | G38: Lava Rápido 24 Horas | H38: @lava24horas | I38: Morumbi | L38: nao encontrado | O38: Abrir prévia | P38: Oi, pessoal da Lava Rápido 24 Horas! Sou o [SEU NOME], da Downway. Curto muito o trabalho de vocês aqui no Instagram. Montei uma prévia de site para a Lava Rápido 24 Horas só para vocês verem como fica: https://downway.com.br/demo/lava24horas/ Quem procura "estética automotiva Morumbi" no Google cai nos concorrentes. Com o site, cai em vocês e já chama no WhatsApp. Abre no celular e me diz o que achou? | Q38: Oi! Conseguiu ver a prévia do site? Se quiser, ajusto cores, fotos ou textos para ficar com a cara de vocês. A prévia fica no ar por 7 dias. | R38: Novo
A39: 38 | B39: A | C39: 7 | D39: Negócio local | E39: Hamburgueria | F39: hamburgueria | G39: Smash Brothers | H39: @smashbrothersburger | I39: confirmar | J39: 9398 | L39: nao encontrado | O39: Abrir prévia | P39: Oi, pessoal da Smash Brothers! Sou o [SEU NOME], da Downway. Curto muito o trabalho de vocês aqui no Instagram. Montei uma prévia de site para a Smash Brothers só para vocês verem como fica: https://downway.com.br/demo/smashbrothersburger/ Quem procura "hamburgueria confirmar" no Google cai nos concorrentes. Com o site, cai em vocês e já chama no WhatsApp. Abre no celular e me diz o que achou? | Q39: Oi! Conseguiu ver a prévia do site? Se quiser, ajusto cores, fotos ou textos para ficar com a cara de vocês. A prévia fica no ar por 7 dias. | R39: Novo
A40: 39 | B40: A | C40: 7 | D40: Negócio local | E40: Marcenaria | F40: marcenaria | G40: MA Planejados | H40: @_maplanejados | I40: Zona Leste | J40: 3249 | L40: nao encontrado | O40: Abrir prévia | P40: Oi, pessoal da MA Planejados! Sou o [SEU NOME], da Downway. Curto muito o trabalho de vocês aqui no Instagram. Montei uma prévia de site para a MA Planejados só para vocês verem como fica: https://downway.com.br/demo/maplanejados/ Quem procura "marcenaria Zona Leste" no Google cai nos concorrentes. Com o site, cai em vocês e já chama no WhatsApp. Abre no celular e me diz o que achou? | Q40: Oi! Conseguiu ver a prévia do site? Se quiser, ajusto cores, fotos ou textos para ficar com a cara de vocês. A prévia fica no ar por 7 dias. | R40: Novo | U40: Ticket alto, precisa de portfólio
A41: 40 | B41: A | C41: 7 | D41: Profissional | E41: Nutricionista | F41: nutrição infantil | G41: Luana Faustino Nutricionista Infantil | H41: @nutriluanafaustino | I41: Tatuapé | L41: wix gratuito | O41: Abrir prévia | P41: Oi, Luana! Sou o [SEU NOME], da Downway. Acompanho seu conteúdo de nutrição materno-infantil aqui no Instagram e montei uma prévia de site para você, já com o CRN em destaque e dentro das regras do conselho: https://downway.com.br/demo/nutriluanafaustino/ Hoje, quem pesquisa "nutricionista infantil em São Paulo" no Google encontra outros profissionais. Com o site, essa pessoa chega até você e já fala no WhatsApp. Posso mostrar como fica no ar? | Q41: Oi! Conseguiu ver a prévia do site? Se quiser, ajusto cores, fotos ou textos para ficar com a cara do seu trabalho. A prévia fica no ar por 7 dias. | R41: Novo | U41: Tem site Wix com domínio grátis: vender upgrade
A42: 41 | B42: A | C42: 7 | D42: Negócio local | E42: Pet shop | F42: pet | G42: Dom Peludo | H42: @dom_peludo | I42: São Paulo | J42: 1542 | L42: nao encontrado | O42: Abrir prévia | P42: Oi, pessoal da Dom Peludo! Sou o [SEU NOME], da Downway. Curto muito o trabalho de vocês aqui no Instagram. Montei uma prévia de site para a Dom Peludo só para vocês verem como fica: https://downway.com.br/demo/dom-peludo/ Quem procura "pet shop São Paulo" no Google cai nos concorrentes. Com o site, cai em vocês e já chama no WhatsApp. Abre no celular e me diz o que achou? | Q42: Oi! Conseguiu ver a prévia do site? Se quiser, ajusto cores, fotos ou textos para ficar com a cara de vocês. A prévia fica no ar por 7 dias. | R42: Novo
A43: 42 | B43: A | C43: 7 | D43: Negócio local | E43: Pet shop | F43: pet | G43: Pet Shop Cãopecê | H43: @petshopcaopece | I43: Zona Sul | J43: 4045 | L43: nao encontrado | O43: Abrir prévia | P43: Oi, pessoal da Pet Shop Cãopecê! Sou o [SEU NOME], da Downway. Curto muito o trabalho de vocês aqui no Instagram. Montei uma prévia de site para a Pet Shop Cãopecê só para vocês verem como fica: https://downway.com.br/demo/petshopcaopece/ Quem procura "pet shop Zona Sul" no Google cai nos concorrentes. Com o site, cai em vocês e já chama no WhatsApp. Abre no celular e me diz o que achou? | Q43: Oi! Conseguiu ver a prévia do site? Se quiser, ajusto cores, fotos ou textos para ficar com a cara de vocês. A prévia fica no ar por 7 dias. | R43: Novo
A44: 43 | B44: A | C44: 7 | D44: Negócio local | E44: Pilates/funcional | F44: pilates | G44: The Studio Pilates e Funcional | H44: @thestudiopilatesefuncional | I44: São Paulo | J44: 1794 | L44: nao encontrado | O44: Abrir prévia | P44: Oi, pessoal da The Studio Pilates e Funcional! Sou o [SEU NOME], da Downway. Curto muito o trabalho de vocês aqui no Instagram. Montei uma prévia de site para a The Studio Pilates e Funcional só para vocês verem como fica: https://downway.com.br/demo/thestudiopilatesefuncional/ Quem procura "pilates/funcional São Paulo" no Google cai nos concorrentes. Com o site, cai em vocês e já chama no WhatsApp. Abre no celular e me diz o que achou? | Q44: Oi! Conseguiu ver a prévia do site? Se quiser, ajusto cores, fotos ou textos para ficar com a cara de vocês. A prévia fica no ar por 7 dias. | R44: Novo
A45: 44 | B45: A | C45: 7 | D45: Negócio local | E45: Pizzaria | F45: pizzaria | G45: Pizzaria São Paulo SP | H45: @pizzariasaopaulosp | I45: São Paulo | J45: 4574 | L45: nao encontrado | O45: Abrir prévia | P45: Oi, pessoal da Pizzaria São Paulo SP! Sou o [SEU NOME], da Downway. Curto muito o trabalho de vocês aqui no Instagram. Montei uma prévia de site para a Pizzaria São Paulo SP só para vocês verem como fica: https://downway.com.br/demo/pizzariasaopaulosp/ Quem procura "pizzaria São Paulo" no Google cai nos concorrentes. Com o site, cai em vocês e já chama no WhatsApp. Abre no celular e me diz o que achou? | Q45: Oi! Conseguiu ver a prévia do site? Se quiser, ajusto cores, fotos ou textos para ficar com a cara de vocês. A prévia fica no ar por 7 dias. | R45: Novo
A46: 45 | B46: A | C46: 7 | D46: Negócio local | E46: Salão de beleza | F46: salao | G46: VMA Beauty Studio | H46: @vmabeautystudio | I46: Santana | J46: 1734 | L46: nao encontrado | O46: Abrir prévia | P46: Oi, pessoal da VMA Beauty Studio! Sou o [SEU NOME], da Downway. Curto muito o trabalho de vocês aqui no Instagram. Montei uma prévia de site para a VMA Beauty Studio só para vocês verem como fica: https://downway.com.br/demo/vmabeautystudio/ Quem procura "salão de beleza Santana" no Google cai nos concorrentes. Com o site, cai em vocês e já chama no WhatsApp. Abre no celular e me diz o que achou? | Q46: Oi! Conseguiu ver a prévia do site? Se quiser, ajusto cores, fotos ou textos para ficar com a cara de vocês. A prévia fica no ar por 7 dias. | R46: Novo
A47: 46 | B47: A | C47: 7 | D47: Negócio local | E47: Salão de beleza | F47: salao | G47: Via da Beleza / Officina108 | H47: @viadabeleza | I47: Santana | L47: nao encontrado | O47: Abrir prévia | P47: Oi, pessoal da Via da Beleza / Officina108! Sou o [SEU NOME], da Downway. Curto muito o trabalho de vocês aqui no Instagram. Montei uma prévia de site para a Via da Beleza / Officina108 só para vocês verem como fica: https://downway.com.br/demo/viadabeleza/ Quem procura "salão de beleza Santana" no Google cai nos concorrentes. Com o site, cai em vocês e já chama no WhatsApp. Abre no celular e me diz o que achou? | Q47: Oi! Conseguiu ver a prévia do site? Se quiser, ajusto cores, fotos ou textos para ficar com a cara de vocês. A prévia fica no ar por 7 dias. | R47: Novo
A48: 47 | B48: B | C48: 7 | D48: Profissional | E48: Advogado | F48: trabalhista | G48: Alexandre Ferreira Advocacia | H48: @alexandreferreira_adv | I48: São Paulo | L48: nao encontrado | O48: Abrir prévia | P48: Oi, Alexandre! Sou o [SEU NOME], da Downway. Acompanho seu conteúdo de direito trabalhista aqui no Instagram e montei uma prévia de site para você, já seguindo as regras de publicidade da OAB (Provimento 205/2021): https://downway.com.br/demo/alexandreferreira-adv/ Hoje, quem pesquisa "advogado trabalhista em São Paulo" no Google encontra outros profissionais. Com o site, essa pessoa chega até você e já fala no WhatsApp. Posso mostrar como fica no ar? | Q48: Oi! Conseguiu ver a prévia do site? Se quiser, ajusto cores, fotos ou textos para ficar com a cara do seu trabalho. A prévia fica no ar por 7 dias. | R48: Novo | U48: Confirmar área de atuação
A49: 48 | B49: B | C49: 7 | D49: Profissional | E49: Advogado | F49: previdenciário | G49: Elisangela Coelho Advocacia | H49: @elisangelacoelhoadvogada | I49: São Paulo | L49: nao encontrado | O49: Abrir prévia | P49: Oi, Elisangela! Sou o [SEU NOME], da Downway. Acompanho seu conteúdo de direito previdenciário aqui no Instagram e montei uma prévia de site para você, já seguindo as regras de publicidade da OAB (Provimento 205/2021): https://downway.com.br/demo/elisangelacoelhoadvogada/ Hoje, quem pesquisa "advogado previdenciário em São Paulo" no Google encontra outros profissionais. Com o site, essa pessoa chega até você e já fala no WhatsApp. Posso mostrar como fica no ar? | Q49: Oi! Conseguiu ver a prévia do site? Se quiser, ajusto cores, fotos ou textos para ficar com a cara do seu trabalho. A prévia fica no ar por 7 dias. | R49: Novo
A50: 49 | B50: B | C50: 7 | D50: Profissional | E50: Advogado | F50: família | G50: Mariana Diaz Advocacia | H50: @marianagdiaz | I50: São Paulo | L50: nao encontrado | O50: Abrir prévia | P50: Oi, Mariana! Sou o [SEU NOME], da Downway. Acompanho seu conteúdo de direito de família aqui no Instagram e montei uma prévia de site para você, já seguindo as regras de publicidade da OAB (Provimento 205/2021): https://downway.com.br/demo/marianagdiaz/ Hoje, quem pesquisa "advogado de família em São Paulo" no Google encontra outros profissionais. Com o site, essa pessoa chega até você e já fala no WhatsApp. Posso mostrar como fica no ar? | Q50: Oi! Conseguiu ver a prévia do site? Se quiser, ajusto cores, fotos ou textos para ficar com a cara do seu trabalho. A prévia fica no ar por 7 dias. | R50: Novo
A51: 50 | B51: B | C51: 7 | D51: Profissional | E51: Advogado | F51: trabalhista | G51: Naylin Nunes Advocacia | H51: @naylinnunes | I51: São Paulo | L51: nao encontrado | O51: Abrir prévia | P51: Oi, Naylin! Sou o [SEU NOME], da Downway. Acompanho seu conteúdo de direito trabalhista aqui no Instagram e montei uma prévia de site para você, já seguindo as regras de publicidade da OAB (Provimento 205/2021): https://downway.com.br/demo/naylinnunes/ Hoje, quem pesquisa "advogado trabalhista em São Paulo" no Google encontra outros profissionais. Com o site, essa pessoa chega até você e já fala no WhatsApp. Posso mostrar como fica no ar? | Q51: Oi! Conseguiu ver a prévia do site? Se quiser, ajusto cores, fotos ou textos para ficar com a cara do seu trabalho. A prévia fica no ar por 7 dias. | R51: Novo | U51: Confirmar área de atuação
A52: 51 | B52: B | C52: 7 | D52: Profissional | E52: Advogado | F52: previdenciário | G52: Taís Santos Advocacia | H52: @taissantosadv | I52: São Paulo | L52: nao encontrado | O52: Abrir prévia | P52: Oi, Taís! Sou o [SEU NOME], da Downway. Acompanho seu conteúdo de direito previdenciário aqui no Instagram e montei uma prévia de site para você, já seguindo as regras de publicidade da OAB (Provimento 205/2021): https://downway.com.br/demo/taissantosadv/ Hoje, quem pesquisa "advogado previdenciário em São Paulo" no Google encontra outros profissionais. Com o site, essa pessoa chega até você e já fala no WhatsApp. Posso mostrar como fica no ar? | Q52: Oi! Conseguiu ver a prévia do site? Se quiser, ajusto cores, fotos ou textos para ficar com a cara do seu trabalho. A prévia fica no ar por 7 dias. | R52: Novo
A53: 52 | B53: B | C53: 7 | D53: Profissional | E53: Dentista | F53: odontologia | G53: Dentecare Ipiranga | H53: @dentecare.ipiranga | I53: Ipiranga | J53: 573 | K53: CRO 112844 (RT) | L53: nao encontrado | O53: Abrir prévia | P53: Oi, pessoal da Dentecare Ipiranga! Sou o [SEU NOME], da Downway. Acompanho o conteúdo de vocês de odontologia aqui no Instagram e montei uma prévia de site para a Dentecare Ipiranga, já com CRO e responsável técnico em destaque: https://downway.com.br/demo/dentecare-ipiranga/ Hoje, quem pesquisa "dentista no Ipiranga" no Google encontra outros profissionais. Com o site, essa pessoa chega até vocês e já fala no WhatsApp. Posso mostrar como fica no ar? | Q53: Oi! Conseguiu ver a prévia do site? Se quiser, ajusto cores, fotos ou textos para ficar com a cara do seu trabalho. A prévia fica no ar por 7 dias. | R53: Novo | U53: Perfil pequeno
A54: 53 | B54: B | C54: 7 | D54: Profissional | E54: Nutricionista | F54: nutrição | G54: Gabi Gavioli Nutricionista | H54: @gabigaviolinutri | I54: São Paulo | L54: nao encontrado | O54: Abrir prévia | P54: Oi, Gabi! Sou o [SEU NOME], da Downway. Acompanho seu conteúdo de nutrição aqui no Instagram e montei uma prévia de site para você, já com o CRN em destaque e dentro das regras do conselho: https://downway.com.br/demo/gabigaviolinutri/ Hoje, quem pesquisa "nutricionista em São Paulo" no Google encontra outros profissionais. Com o site, essa pessoa chega até você e já fala no WhatsApp. Posso mostrar como fica no ar? | Q54: Oi! Conseguiu ver a prévia do site? Se quiser, ajusto cores, fotos ou textos para ficar com a cara do seu trabalho. A prévia fica no ar por 7 dias. | R54: Novo
A55: 54 | B55: B | C55: 7 | D55: Profissional | E55: Quiropraxia/Fisio | F55: quiropraxia | G55: Carlos Diaz Quiropraxia | H55: @carlosdiaz_quiropraxia | I55: Santana | L55: nao encontrado | O55: Abrir prévia | P55: Oi, Carlos! Sou o [SEU NOME], da Downway. Acompanho seu conteúdo de quiropraxia aqui no Instagram e montei uma prévia de site para você, com agendamento direto pelo WhatsApp: https://downway.com.br/demo/carlosdiaz-quiropraxia/ Hoje, quem pesquisa "quiropraxia na zona norte" no Google encontra outros profissionais. Com o site, essa pessoa chega até você e já fala no WhatsApp. Posso mostrar como fica no ar? | Q55: Oi! Conseguiu ver a prévia do site? Se quiser, ajusto cores, fotos ou textos para ficar com a cara do seu trabalho. A prévia fica no ar por 7 dias. | R55: Novo | U55: Atende na Provital Santana
A56: 55 | B56: B | C56: 7 | D56: Profissional | E56: Quiropraxia/Fisio | F56: quiropraxia | G56: Gabriela Ferreira Fisioterapia | H56: @gferreira_fisio | I56: São Paulo | L56: nao encontrado | O56: Abrir prévia | P56: Oi, Gabriela! Sou o [SEU NOME], da Downway. Acompanho seu conteúdo de quiropraxia aqui no Instagram e montei uma prévia de site para você, com agendamento direto pelo WhatsApp: https://downway.com.br/demo/gferreira-fisio/ Hoje, quem pesquisa "quiropraxia na zona norte" no Google encontra outros profissionais. Com o site, essa pessoa chega até você e já fala no WhatsApp. Posso mostrar como fica no ar? | Q56: Oi! Conseguiu ver a prévia do site? Se quiser, ajusto cores, fotos ou textos para ficar com a cara do seu trabalho. A prévia fica no ar por 7 dias. | R56: Novo
A57: 56 | B57: A | C57: 6 | D57: Negócio local | E57: Barbearia | F57: barbearia | G57: Barbearia Formoso | H57: @barbeariaformoso | I57: Vila Carrão / Vila Formosa / Tatuapé | L57: nao encontrado | O57: Abrir prévia | P57: Oi, pessoal da Barbearia Formoso! Sou o [SEU NOME], da Downway. Curto muito o trabalho de vocês aqui no Instagram. Montei uma prévia de site para a Barbearia Formoso só para vocês verem como fica: https://downway.com.br/demo/barbeariaformoso/ Quem procura "barbearia Vila Carrão / Vila Formosa / Tatuapé" no Google cai nos concorrentes. Com o site, cai em vocês e já chama no WhatsApp. Abre no celular e me diz o que achou? | Q57: Oi! Conseguiu ver a prévia do site? Se quiser, ajusto cores, fotos ou textos para ficar com a cara de vocês. A prévia fica no ar por 7 dias. | R57: Novo | U57: Várias unidades = precisa de site com página por unidade
A58: 57 | B58: A | C58: 6 | D58: Negócio local | E58: Barbearia | F58: barbearia | G58: Barbearia Império Tatuapé | H58: @barbeariaimperio.tatuape | I58: Tatuapé | L58: nao encontrado | O58: Abrir prévia | P58: Oi, pessoal da Barbearia Império Tatuapé! Sou o [SEU NOME], da Downway. Curto muito o trabalho de vocês aqui no Instagram. Montei uma prévia de site para a Barbearia Império Tatuapé só para vocês verem como fica: https://downway.com.br/demo/barbeariaimperio-tatuape/ Quem procura "barbearia Tatuapé" no Google cai nos concorrentes. Com o site, cai em vocês e já chama no WhatsApp. Abre no celular e me diz o que achou? | Q58: Oi! Conseguiu ver a prévia do site? Se quiser, ajusto cores, fotos ou textos para ficar com a cara de vocês. A prévia fica no ar por 7 dias. | R58: Novo
A59: 58 | B59: A | C59: 6 | D59: Negócio local | E59: Barbearia | F59: barbearia | G59: Barbearia Rico Vallente | H59: @ricovallentebarbearia | I59: Tatuapé | L59: nao encontrado | O59: Abrir prévia | P59: Oi, pessoal da Barbearia Rico Vallente! Sou o [SEU NOME], da Downway. Curto muito o trabalho de vocês aqui no Instagram. Montei uma prévia de site para a Barbearia Rico Vallente só para vocês verem como fica: https://downway.com.br/demo/ricovallentebarbearia/ Quem procura "barbearia Tatuapé" no Google cai nos concorrentes. Com o site, cai em vocês e já chama no WhatsApp. Abre no celular e me diz o que achou? | Q59: Oi! Conseguiu ver a prévia do site? Se quiser, ajusto cores, fotos ou textos para ficar com a cara de vocês. A prévia fica no ar por 7 dias. | R59: Novo
A60: 59 | B60: A | C60: 6 | D60: Negócio local | E60: Barbearia | F60: barbearia | G60: Burks Barbearia | H60: @burks.barbearia | I60: Mooca | L60: nao encontrado | O60: Abrir prévia | P60: Oi, pessoal da Burks Barbearia! Sou o [SEU NOME], da Downway. Curto muito o trabalho de vocês aqui no Instagram. Montei uma prévia de site para a Burks Barbearia só para vocês verem como fica: https://downway.com.br/demo/burks-barbearia/ Quem procura "barbearia Mooca" no Google cai nos concorrentes. Com o site, cai em vocês e já chama no WhatsApp. Abre no celular e me diz o que achou? | Q60: Oi! Conseguiu ver a prévia do site? Se quiser, ajusto cores, fotos ou textos para ficar com a cara de vocês. A prévia fica no ar por 7 dias. | R60: Novo | U60: Diferencial forte para a página (experiência)
A61: 60 | B61: A | C61: 6 | D61: Negócio local | E61: Barbearia | F61: barbearia | G61: Meu Barbeiro | H61: @meu_barbeiro | I61: Tatuapé | L61: nao encontrado | O61: Abrir prévia | P61: Oi, pessoal da Meu Barbeiro! Sou o [SEU NOME], da Downway. Curto muito o trabalho de vocês aqui no Instagram. Montei uma prévia de site para a Meu Barbeiro só para vocês verem como fica: https://downway.com.br/demo/meu-barbeiro/ Quem procura "barbearia Tatuapé" no Google cai nos concorrentes. Com o site, cai em vocês e já chama no WhatsApp. Abre no celular e me diz o que achou? | Q61: Oi! Conseguiu ver a prévia do site? Se quiser, ajusto cores, fotos ou textos para ficar com a cara de vocês. A prévia fica no ar por 7 dias. | R61: Novo
A62: 61 | B62: A | C62: 6 | D62: Negócio local | E62: Clínica de estética | F62: estetica | G62: Clínica Harmonize | H62: @clinicaharmonize.estetica | I62: São Paulo | L62: nao encontrado | O62: Abrir prévia | P62: Oi, pessoal da Clínica Harmonize! Sou o [SEU NOME], da Downway. Curto muito o trabalho de vocês aqui no Instagram. Montei uma prévia de site para a Clínica Harmonize só para vocês verem como fica: https://downway.com.br/demo/clinicaharmonize-estetica/ Quem procura "clínica de estética São Paulo" no Google cai nos concorrentes. Com o site, cai em vocês e já chama no WhatsApp. Abre no celular e me diz o que achou? | Q62: Oi! Conseguiu ver a prévia do site? Se quiser, ajusto cores, fotos ou textos para ficar com a cara de vocês. A prévia fica no ar por 7 dias. | R62: Novo
A63: 62 | B63: A | C63: 6 | D63: Negócio local | E63: Clínica de estética | F63: estetica | G63: Estetic Lux | H63: @esteticlux | I63: Mandaqui | L63: nao encontrado | O63: Abrir prévia | P63: Oi, pessoal da Estetic Lux! Sou o [SEU NOME], da Downway. Curto muito o trabalho de vocês aqui no Instagram. Montei uma prévia de site para a Estetic Lux só para vocês verem como fica: https://downway.com.br/demo/esteticlux/ Quem procura "clínica de estética Mandaqui" no Google cai nos concorrentes. Com o site, cai em vocês e já chama no WhatsApp. Abre no celular e me diz o que achou? | Q63: Oi! Conseguiu ver a prévia do site? Se quiser, ajusto cores, fotos ou textos para ficar com a cara de vocês. A prévia fica no ar por 7 dias. | R63: Novo
A64: 63 | B64: A | C64: 6 | D64: Negócio local | E64: Confeitaria | F64: confeitaria | G64: Arte Bolos São Paulo | H64: @artebolossaopaulo | I64: São Paulo | L64: nao encontrado | O64: Abrir prévia | P64: Oi, pessoal da Arte Bolos São Paulo! Sou o [SEU NOME], da Downway. Curto muito o trabalho de vocês aqui no Instagram. Montei uma prévia de site para a Arte Bolos São Paulo só para vocês verem como fica: https://downway.com.br/demo/artebolossaopaulo/ Quem procura "confeitaria São Paulo" no Google cai nos concorrentes. Com o site, cai em vocês e já chama no WhatsApp. Abre no celular e me diz o que achou? | Q64: Oi! Conseguiu ver a prévia do site? Se quiser, ajusto cores, fotos ou textos para ficar com a cara de vocês. A prévia fica no ar por 7 dias. | R64: Novo
A65: 64 | B65: A | C65: 6 | D65: Negócio local | E65: Confeitaria | F65: confeitaria | G65: Bubri Confeitaria | H65: @bubriconfeitaria | I65: São Paulo | L65: nao encontrado | O65: Abrir prévia | P65: Oi, pessoal da Bubri Confeitaria! Sou o [SEU NOME], da Downway. Curto muito o trabalho de vocês aqui no Instagram. Montei uma prévia de site para a Bubri Confeitaria só para vocês verem como fica: https://downway.com.br/demo/bubriconfeitaria/ Quem procura "confeitaria São Paulo" no Google cai nos concorrentes. Com o site, cai em vocês e já chama no WhatsApp. Abre no celular e me diz o que achou? | Q65: Oi! Conseguiu ver a prévia do site? Se quiser, ajusto cores, fotos ou textos para ficar com a cara de vocês. A prévia fica no ar por 7 dias. | R65: Novo | U65: Corporativo = ticket alto
A66: 65 | B66: A | C66: 6 | D66: Negócio local | E66: Confeitaria | F66: confeitaria | G66: Gabi Duarte Confeitaria | H66: @gabiduarteconfeitaria | I66: São Paulo | L66: nao encontrado | O66: Abrir prévia | P66: Oi, pessoal da Gabi Duarte Confeitaria! Sou o [SEU NOME], da Downway. Curto muito o trabalho de vocês aqui no Instagram. Montei uma prévia de site para a Gabi Duarte Confeitaria só para vocês verem como fica: https://downway.com.br/demo/gabiduarteconfeitaria/ Quem procura "confeitaria São Paulo" no Google cai nos concorrentes. Com o site, cai em vocês e já chama no WhatsApp. Abre no celular e me diz o que achou? | Q66: Oi! Conseguiu ver a prévia do site? Se quiser, ajusto cores, fotos ou textos para ficar com a cara de vocês. A prévia fica no ar por 7 dias. | R66: Novo
A67: 66 | B67: A | C67: 6 | D67: Negócio local | E67: Cílios/sobrancelhas | F67: lash | G67: Carol Galvão Beauty | H67: @carolgalvaobeauty | I67: Vila Mariana | L67: nao encontrado | O67: Abrir prévia | P67: Oi, pessoal da Carol Galvão Beauty! Sou o [SEU NOME], da Downway. Curto muito o trabalho de vocês aqui no Instagram. Montei uma prévia de site para a Carol Galvão Beauty só para vocês verem como fica: https://downway.com.br/demo/carolgalvaobeauty/ Quem procura "cílios/sobrancelhas Vila Mariana" no Google cai nos concorrentes. Com o site, cai em vocês e já chama no WhatsApp. Abre no celular e me diz o que achou? | Q67: Oi! Conseguiu ver a prévia do site? Se quiser, ajusto cores, fotos ou textos para ficar com a cara de vocês. A prévia fica no ar por 7 dias. | R67: Novo
A68: 67 | B68: A | C68: 6 | D68: Negócio local | E68: Cílios/sobrancelhas | F68: lash | G68: Studio Layla Vieira | H68: @studiolayllavieira | I68: São Paulo | L68: nao encontrado | O68: Abrir prévia | P68: Oi, pessoal da Studio Layla Vieira! Sou o [SEU NOME], da Downway. Curto muito o trabalho de vocês aqui no Instagram. Montei uma prévia de site para a Studio Layla Vieira só para vocês verem como fica: https://downway.com.br/demo/studiolayllavieira/ Quem procura "cílios/sobrancelhas São Paulo" no Google cai nos concorrentes. Com o site, cai em vocês e já chama no WhatsApp. Abre no celular e me diz o que achou? | Q68: Oi! Conseguiu ver a prévia do site? Se quiser, ajusto cores, fotos ou textos para ficar com a cara de vocês. A prévia fica no ar por 7 dias. | R68: Novo
A69: 68 | B69: A | C69: 6 | D69: Negócio local | E69: Cílios/sobrancelhas | F69: lash | G69: W Lash Studio | H69: @wlashstudio | I69: Vila Mariana | L69: nao encontrado | O69: Abrir prévia | P69: Oi, pessoal da W Lash Studio! Sou o [SEU NOME], da Downway. Curto muito o trabalho de vocês aqui no Instagram. Montei uma prévia de site para a W Lash Studio só para vocês verem como fica: https://downway.com.br/demo/wlashstudio/ Quem procura "cílios/sobrancelhas Vila Mariana" no Google cai nos concorrentes. Com o site, cai em vocês e já chama no WhatsApp. Abre no celular e me diz o que achou? | Q69: Oi! Conseguiu ver a prévia do site? Se quiser, ajusto cores, fotos ou textos para ficar com a cara de vocês. A prévia fica no ar por 7 dias. | R69: Novo
A70: 69 | B70: A | C70: 6 | D70: Negócio local | E70: Marcenaria | F70: marcenaria | G70: Marcenaria Senna | H70: @marcenariasenna | I70: São Paulo | L70: nao encontrado | O70: Abrir prévia | P70: Oi, pessoal da Marcenaria Senna! Sou o [SEU NOME], da Downway. Curto muito o trabalho de vocês aqui no Instagram. Montei uma prévia de site para a Marcenaria Senna só para vocês verem como fica: https://downway.com.br/demo/marcenariasenna/ Quem procura "marcenaria São Paulo" no Google cai nos concorrentes. Com o site, cai em vocês e já chama no WhatsApp. Abre no celular e me diz o que achou? | Q70: Oi! Conseguiu ver a prévia do site? Se quiser, ajusto cores, fotos ou textos para ficar com a cara de vocês. A prévia fica no ar por 7 dias. | R70: Novo
A71: 70 | B71: A | C71: 6 | D71: Negócio local | E71: Marcenaria | F71: marcenaria | G71: P.R.T Marcenaria e Planejados | H71: @p.r.t_marcenariaeplanejados | I71: São Paulo | L71: nao encontrado | O71: Abrir prévia | P71: Oi, pessoal da P.R.T Marcenaria e Planejados! Sou o [SEU NOME], da Downway. Curto muito o trabalho de vocês aqui no Instagram. Montei uma prévia de site para a P.R.T Marcenaria e Planejados só para vocês verem como fica: https://downway.com.br/demo/p-r-t-marcenariaeplanejados/ Quem procura "marcenaria São Paulo" no Google cai nos concorrentes. Com o site, cai em vocês e já chama no WhatsApp. Abre no celular e me diz o que achou? | Q71: Oi! Conseguiu ver a prévia do site? Se quiser, ajusto cores, fotos ou textos para ficar com a cara de vocês. A prévia fica no ar por 7 dias. | R71: Novo
A72: 71 | B72: A | C72: 6 | D72: Negócio local | E72: Marcenaria | F72: marcenaria | G72: Positiva Marcenaria | H72: @positivamarcenaria | I72: São Paulo | L72: nao encontrado | O72: Abrir prévia | P72: Oi, pessoal da Positiva Marcenaria! Sou o [SEU NOME], da Downway. Curto muito o trabalho de vocês aqui no Instagram. Montei uma prévia de site para a Positiva Marcenaria só para vocês verem como fica: https://downway.com.br/demo/positivamarcenaria/ Quem procura "marcenaria São Paulo" no Google cai nos concorrentes. Com o site, cai em vocês e já chama no WhatsApp. Abre no celular e me diz o que achou? | Q72: Oi! Conseguiu ver a prévia do site? Se quiser, ajusto cores, fotos ou textos para ficar com a cara de vocês. A prévia fica no ar por 7 dias. | R72: Novo
A73: 72 | B73: A | C73: 6 | D73: Negócio local | E73: Pet shop | F73: pet | G73: Pet Shop Penha | H73: @petshoppenha | I73: Penha | L73: nao encontrado | O73: Abrir prévia | P73: Oi, pessoal da Pet Shop Penha! Sou o [SEU NOME], da Downway. Curto muito o trabalho de vocês aqui no Instagram. Montei uma prévia de site para a Pet Shop Penha só para vocês verem como fica: https://downway.com.br/demo/petshoppenha/ Quem procura "pet shop Penha" no Google cai nos concorrentes. Com o site, cai em vocês e já chama no WhatsApp. Abre no celular e me diz o que achou? | Q73: Oi! Conseguiu ver a prévia do site? Se quiser, ajusto cores, fotos ou textos para ficar com a cara de vocês. A prévia fica no ar por 7 dias. | R73: Novo
A74: 73 | B74: A | C74: 6 | D74: Negócio local | E74: Pilates/funcional | F74: pilates | G74: Core Fit | H74: @core_fit | I74: São Paulo | L74: nao encontrado | O74: Abrir prévia | P74: Oi, pessoal da Core Fit! Sou o [SEU NOME], da Downway. Curto muito o trabalho de vocês aqui no Instagram. Montei uma prévia de site para a Core Fit só para vocês verem como fica: https://downway.com.br/demo/core-fit/ Quem procura "pilates/funcional São Paulo" no Google cai nos concorrentes. Com o site, cai em vocês e já chama no WhatsApp. Abre no celular e me diz o que achou? | Q74: Oi! Conseguiu ver a prévia do site? Se quiser, ajusto cores, fotos ou textos para ficar com a cara de vocês. A prévia fica no ar por 7 dias. | R74: Novo
A75: 74 | B75: A | C75: 6 | D75: Negócio local | E75: Pilates/funcional | F75: pilates | G75: Noah Pilates | H75: @noahpilates | I75: Saúde - Zona Sul | L75: nao encontrado | O75: Abrir prévia | P75: Oi, pessoal da Noah Pilates! Sou o [SEU NOME], da Downway. Curto muito o trabalho de vocês aqui no Instagram. Montei uma prévia de site para a Noah Pilates só para vocês verem como fica: https://downway.com.br/demo/noahpilates/ Quem procura "pilates/funcional Saúde - Zona Sul" no Google cai nos concorrentes. Com o site, cai em vocês e já chama no WhatsApp. Abre no celular e me diz o que achou? | Q75: Oi! Conseguiu ver a prévia do site? Se quiser, ajusto cores, fotos ou textos para ficar com a cara de vocês. A prévia fica no ar por 7 dias. | R75: Novo
A76: 75 | B76: A | C76: 6 | D76: Negócio local | E76: Salão de beleza | F76: salao | G76: Invent Studio de Beleza | H76: @inventstudiodebeleza | I76: Santana | L76: nao encontrado | O76: Abrir prévia | P76: Oi, pessoal da Invent Studio de Beleza! Sou o [SEU NOME], da Downway. Curto muito o trabalho de vocês aqui no Instagram. Montei uma prévia de site para a Invent Studio de Beleza só para vocês verem como fica: https://downway.com.br/demo/inventstudiodebeleza/ Quem procura "salão de beleza Santana" no Google cai nos concorrentes. Com o site, cai em vocês e já chama no WhatsApp. Abre no celular e me diz o que achou? | Q76: Oi! Conseguiu ver a prévia do site? Se quiser, ajusto cores, fotos ou textos para ficar com a cara de vocês. A prévia fica no ar por 7 dias. | R76: Novo
A77: 76 | B77: A | C77: 6 | D77: Negócio local | E77: Unhas | F77: unhas | G77: Andressa Moreira Nails | H77: @andressa_nails_ | I77: Vila Curuçá / São Miguel | L77: nao encontrado | O77: Abrir prévia | P77: Oi, pessoal da Andressa Moreira Nails! Sou o [SEU NOME], da Downway. Curto muito o trabalho de vocês aqui no Instagram. Montei uma prévia de site para a Andressa Moreira Nails só para vocês verem como fica: https://downway.com.br/demo/andressa-nails/ Quem procura "unhas Vila Curuçá / São Miguel" no Google cai nos concorrentes. Com o site, cai em vocês e já chama no WhatsApp. Abre no celular e me diz o que achou? | Q77: Oi! Conseguiu ver a prévia do site? Se quiser, ajusto cores, fotos ou textos para ficar com a cara de vocês. A prévia fica no ar por 7 dias. | R77: Novo
... A79: 78 | B79: A | C79: 6 | D79: Negócio local | E79: Unhas | F79: unhas | G79: Juliane Watari Nail Designer | H79: @watarinails | I79: Vila Formosa | L79: nao encontrado | O79: Abrir prévia | P79: Oi, pessoal da Juliane Watari Nail Designer! Sou o [SEU NOME], da Downway. Curto muito o trabalho de vocês aqui no Instagram. Montei uma prévia de site para a Juliane Watari Nail Designer só para vocês verem como fica: https://downway.com.br/demo/watarinails/ Quem procura "unhas Vila Formosa" no Google cai nos concorrentes. Com o site, cai em vocês e já chama no WhatsApp. Abre no celular e me diz o que achou? | Q79: Oi! Conseguiu ver a prévia do site? Se quiser, ajusto cores, fotos ou textos para ficar com a cara de vocês. A prévia fica no ar por 7 dias. | R79: Novo
A80: 79 | B80: A | C80: 5 | D80: Negócio local | E80: Pet shop | F80: pet | G80: Petshop Bicho.com | H80: @bicho.com_zonasul | I80: Zona Sul | J80: 717 | L80: nao encontrado | O80: Abrir prévia | P80: Oi, pessoal da Petshop Bicho.com! Sou o [SEU NOME], da Downway. Curto muito o trabalho de vocês aqui no Instagram. Montei uma prévia de site para a Petshop Bicho.com só para vocês verem como fica: https://downway.com.br/demo/bicho-com-zonasul/ Quem procura "pet shop Zona Sul" no Google cai nos concorrentes. Com o site, cai em vocês e já chama no WhatsApp. Abre no celular e me diz o que achou? | Q80: Oi! Conseguiu ver a prévia do site? Se quiser, ajusto cores, fotos ou textos para ficar com a cara de vocês. A prévia fica no ar por 7 dias. | R80: Novo
A81: 80 | B81: A | C81: 5 | D81: Negócio local | E81: Salão de beleza | F81: salao | G81: MG Espaço de Beleza | H81: @mgmespacodebeleza | I81: Santana | J81: 873 | L81: nao encontrado | O81: Abrir prévia | P81: Oi, pessoal da MG Espaço de Beleza! Sou o [SEU NOME], da Downway. Curto muito o trabalho de vocês aqui no Instagram. Montei uma prévia de site para a MG Espaço de Beleza só para vocês verem como fica: https://downway.com.br/demo/mgmespacodebeleza/ Quem procura "salão de beleza Santana" no Google cai nos concorrentes. Com o site, cai em vocês e já chama no WhatsApp. Abre no celular e me diz o que achou? | Q81: Oi! Conseguiu ver a prévia do site? Se quiser, ajusto cores, fotos ou textos para ficar com a cara de vocês. A prévia fica no ar por 7 dias. | R81: Novo
A82: 81 | B82: B | C82: 5 | D82: Profissional | E82: Advogado | F82: trabalhista | G82: Advocacia Trabalhista Borges | H82: @borgesadvocacia | I82: São Paulo | J82: 20000 | L82: verificar | O82: Abrir prévia | P82: Oi, pessoal da Advocacia Trabalhista Borges! Sou o [SEU NOME], da Downway. Acompanho o conteúdo de vocês de direito trabalhista aqui no Instagram e montei uma prévia de site para a Advocacia Trabalhista Borges, já seguindo as regras de publicidade da OAB (Provimento 205/2021): https://downway.com.br/demo/borgesadvocacia/ Hoje, quem pesquisa "advogado trabalhista em São Paulo" no Google encontra outros profissionais. Com o site, essa pessoa chega até vocês e já fala no WhatsApp. Posso mostrar como fica no ar? | Q82: Oi! Conseguiu ver a prévia do site? Se quiser, ajusto cores, fotos ou textos para ficar com a cara do seu trabalho. A prévia fica no ar por 7 dias. | R82: Novo | U82: Escritório antigo, pode ter site
A83: 82 | B83: B | C83: 5 | D83: Profissional | E83: Médico | F83: dermatologia | G83: Dra. Maria Bussade | H83: @mariabussade | I83: São Paulo | K83: CRM-SP 118.804 · RQE 39.393 | L83: verificar | O83: Abrir prévia | P83: Oi, Dra. Maria! Sou o [SEU NOME], da Downway. Acompanho seu conteúdo de dermatologia aqui no Instagram e montei uma prévia de site para você, já seguindo a resolução de publicidade médica do CFM (2.336/2023): https://downway.com.br/demo/mariabussade/ Hoje, quem pesquisa "dermatologista em São Paulo" no Google encontra outros profissionais. Com o site, essa pessoa chega até você e já fala no WhatsApp. Posso mostrar como fica no ar? | Q83: Oi! Conseguiu ver a prévia do site? Se quiser, ajusto cores, fotos ou textos para ficar com a cara do seu trabalho. A prévia fica no ar por 7 dias. | R83: Novo
A84: 83 | B84: B | C84: 4 | D84: Profissional | E84: Advogado | F84: previdenciário | G84: Dantas Advocacia | H84: @dantas.advocacia | I84: São Paulo | L84: verificar | O84: Abrir prévia | P84: Oi, pessoal da Dantas Advocacia! Sou o [SEU NOME], da Downway. Acompanho o conteúdo de vocês de direito previdenciário aqui no Instagram e montei uma prévia de site para a Dantas Advocacia, já seguindo as regras de publicidade da OAB (Provimento 205/2021): https://downway.com.br/demo/dantas-advocacia/ Hoje, quem pesquisa "advogado previdenciário em São Paulo" no Google encontra outros profissionais. Com o site, essa pessoa chega até vocês e já fala no WhatsApp. Posso mostrar como fica no ar? | Q84: Oi! Conseguiu ver a prévia do site? Se quiser, ajusto cores, fotos ou textos para ficar com a cara do seu trabalho. A prévia fica no ar por 7 dias. | R84: Novo | U84: Escritório antigo, pode ter site
A85: 84 | B85: B | C85: 4 | D85: Profissional | E85: Dentista | F85: odontologia | G85: Pandola Odontologia | H85: @pandolaodontologia | I85: São Paulo | L85: verificar | O85: Abrir prévia | P85: Oi, pessoal da Pandola Odontologia! Sou o [SEU NOME], da Downway. Acompanho o conteúdo de vocês de odontologia aqui no Instagram e montei uma prévia de site para a Pandola Odontologia, já com CRO e responsável técnico em destaque: https://downway.com.br/demo/pandolaodontologia/ Hoje, quem pesquisa "dentista no São Paulo" no Google encontra outros profissionais. Com o site, essa pessoa chega até vocês e já fala no WhatsApp. Posso mostrar como fica no ar? | Q85: Oi! Conseguiu ver a prévia do site? Se quiser, ajusto cores, fotos ou textos para ficar com a cara do seu trabalho. A prévia fica no ar por 7 dias. | R85: Novo
A86: 85 | B86: B | C86: 4 | D86: Profissional | E86: Médico | F86: dermatologia | G86: Clínica Derma A | H86: @dermaaclinica | I86: São Paulo | L86: verificar | O86: Abrir prévia | P86: Oi, pessoal da Clínica Derma A! Sou o [SEU NOME], da Downway. Acompanho o conteúdo de vocês de dermatologia aqui no Instagram e montei uma prévia de site para a Clínica Derma A, já seguindo a resolução de publicidade médica do CFM (2.336/2023): https://downway.com.br/demo/dermaaclinica/ Hoje, quem pesquisa "dermatologista em São Paulo" no Google encontra outros profissionais. Com o site, essa pessoa chega até vocês e já fala no WhatsApp. Posso mostrar como fica no ar? | Q86: Oi! Conseguiu ver a prévia do site? Se quiser, ajusto cores, fotos ou textos para ficar com a cara do seu trabalho. A prévia fica no ar por 7 dias. | R86: Novo | U86: Confirmar responsável técnico
A87: 86 | B87: B | C87: 4 | D87: Profissional | E87: Médico | F87: dermatologia | G87: Dermic Dermatologia Integrada | H87: @clinicadermic | I87: São Paulo | L87: verificar | O87: Abrir prévia | P87: Oi, pessoal da Dermic Dermatologia Integrada! Sou o [SEU NOME], da Downway. Acompanho o conteúdo de vocês de dermatologia aqui no Instagram e montei uma prévia de site para a Dermic Dermatologia Integrada, já seguindo a resolução de publicidade médica do CFM (2.336/2023): https://downway.com.br/demo/clinicadermic/ Hoje, quem pesquisa "dermatologista em São Paulo" no Google encontra outros profissionais. Com o site, essa pessoa chega até vocês e já fala no WhatsApp. Posso mostrar como fica no ar? | Q87: Oi! Conseguiu ver a prévia do site? Se quiser, ajusto cores, fotos ou textos para ficar com a cara do seu trabalho. A prévia fica no ar por 7 dias. | R87: Novo
A88: 87 | B88: B | C88: 4 | D88: Profissional | E88: Médico | F88: ortopedia | G88: Dr. Rafael Carboni | H88: @drrafaelcarboni | I88: São Paulo | L88: verificar | O88: Abrir prévia | P88: Oi, Dr. Rafael! Sou o [SEU NOME], da Downway. Acompanho seu conteúdo de coluna aqui no Instagram e montei uma prévia de site para você, já seguindo a resolução de publicidade médica do CFM (2.336/2023): https://downway.com.br/demo/drrafaelcarboni/ Hoje, quem pesquisa "ortopedista de coluna em São Paulo" no Google encontra outros profissionais. Com o site, essa pessoa chega até você e já fala no WhatsApp. Posso mostrar como fica no ar? | Q88: Oi! Conseguiu ver a prévia do site? Se quiser, ajusto cores, fotos ou textos para ficar com a cara do seu trabalho. A prévia fica no ar por 7 dias. | R88: Novo
A89: 88 | B89: B | C89: 4 | D89: Profissional | E89: Nutricionista | F89: nutrição | G89: Isabella Lacerda Nutricionista | H89: @isabellalacerda_nutri | I89: São Paulo | L89: verificar | O89: Abrir prévia | P89: Oi, Isabella! Sou o [SEU NOME], da Downway. Acompanho seu conteúdo de nutrição aqui no Instagram e montei uma prévia de site para você, já com o CRN em destaque e dentro das regras do conselho: https://downway.com.br/demo/isabellalacerda-nutri/ Hoje, quem pesquisa "nutricionista em São Paulo" no Google encontra outros profissionais. Com o site, essa pessoa chega até você e já fala no WhatsApp. Posso mostrar como fica no ar? | Q89: Oi! Conseguiu ver a prévia do site? Se quiser, ajusto cores, fotos ou textos para ficar com a cara do seu trabalho. A prévia fica no ar por 7 dias. | R89: Novo | U89: Vende programa online, pode ter página
A90: 89 | B90: B | C90: 4 | D90: Profissional | E90: Nutricionista | F90: nutrição infantil | G90: Ninho Espaço Materno Infantil | H90: @espaco.ninho | I90: São Paulo | L90: verificar | O90: Abrir prévia | P90: Oi, pessoal da Ninho Espaço Materno Infantil! Sou o [SEU NOME], da Downway. Acompanho o conteúdo de vocês de nutrição materno-infantil aqui no Instagram e montei uma prévia de site para a Ninho Espaço Materno Infantil, já com o CRN em destaque e dentro das regras do conselho: https://downway.com.br/demo/espaco-ninho/ Hoje, quem pesquisa "nutricionista infantil em São Paulo" no Google encontra outros profissionais. Com o site, essa pessoa chega até vocês e já fala no WhatsApp. Posso mostrar como fica no ar? | Q90: Oi! Conseguiu ver a prévia do site? Se quiser, ajusto cores, fotos ou textos para ficar com a cara do seu trabalho. A prévia fica no ar por 7 dias. | R90: Novo
A91: 90 | B91: B | C91: 3 | D91: Profissional | E91: Advogado | F91: bancário | G91: Jéssica Abreu Advocacia | H91: @jessicaabreuadv | I91: São Paulo | J91: 71000 | L91: verificar | O91: Abrir prévia | P91: Oi, Jéssica! Sou o [SEU NOME], da Downway. Acompanho seu conteúdo de direito bancário aqui no Instagram e montei uma prévia de site para você, já seguindo as regras de publicidade da OAB (Provimento 205/2021): https://downway.com.br/demo/jessicaabreuadv/ Hoje, quem pesquisa "advogado bancário em São Paulo" no Google encontra outros profissionais. Com o site, essa pessoa chega até você e já fala no WhatsApp. Posso mostrar como fica no ar? | Q91: Oi! Conseguiu ver a prévia do site? Se quiser, ajusto cores, fotos ou textos para ficar com a cara do seu trabalho. A prévia fica no ar por 7 dias. | R91: Novo | U91: Perfil grande, pode ter site
A92: 91 | B92: B | C92: 3 | D92: Negócio local | E92: Marcenaria | F92: marcenaria | G92: WPlanejados & Marcenaria | H92: @wplanejados | I92: Zona Leste | J92: 48000 | L92: verificar | O92: Abrir prévia | P92: Oi, pessoal da WPlanejados & Marcenaria! Sou o [SEU NOME], da Downway. Curto muito o trabalho de vocês aqui no Instagram. Montei uma prévia de site para a WPlanejados & Marcenaria só para vocês verem como fica: https://downway.com.br/demo/wplanejados/ Quem procura "marcenaria Zona Leste" no Google cai nos concorrentes. Com o site, cai em vocês e já chama no WhatsApp. Abre no celular e me diz o que achou? | Q92: Oi! Conseguiu ver a prévia do site? Se quiser, ajusto cores, fotos ou textos para ficar com a cara de vocês. A prévia fica no ar por 7 dias. | R92: Novo | U92: 48 mil seguidores, pode já ter site

Sheet Resumo
A1: Funil Downway
A3: Status | B3: Qtd
A4: Novo | B4: =COUNTIF(Leads!R:R,"Novo")
A5: Perfil conferido | B5: =COUNTIF(Leads!R:R,"Perfil conferido")
A6: Contatado | B6: =COUNTIF(Leads!R:R,"Contatado")
A7: Follow-up enviado | B7: =COUNTIF(Leads!R:R,"Follow-up enviado")
A8: Respondeu | B8: =COUNTIF(Leads!R:R,"Respondeu")
A9: Reunião | B9: =COUNTIF(Leads!R:R,"Reunião")
A10: Proposta | B10: =COUNTIF(Leads!R:R,"Proposta")
A11: Fechado | B11: =COUNTIF(Leads!R:R,"Fechado")
A12: Perdido | B12: =COUNTIF(Leads!R:R,"Perdido")
A13: Descartado | B13: =COUNTIF(Leads!R:R,"Descartado")
A14: Total | B14: =COUNTA(Leads!G2:G92)
A15: Taxa de resposta | B15: =IFERROR((B8+B9+B10+B11)/(B6+B7+B8+B9+B10+B11+B12),0)
A16: Faturamento (fechados × preço) | B16: =B11*997
A18: Categoria | B18: Leads | C18: Prioridade A | D18: Fechados
A19: Advogado | B19: =COUNTIF(Leads!E:E,"Advogado") | C19: =COUNTIFS(Leads!E:E,"Advogado",Leads!B:B,"A") | D19: =COUNTIFS(Leads!E:E,"Advogado",Leads!R:R,"Fechado")
A20: Barbearia | B20: =COUNTIF(Leads!E:E,"Barbearia") | C20: =COUNTIFS(Leads!E:E,"Barbearia",Leads!B:B,"A") | D20: =COUNTIFS(Leads!E:E,"Barbearia",Leads!R:R,"Fechado")
A21: Clínica de estética | B21: =COUNTIF(Leads!E:E,"Clínica de estética") | C21: =COUNTIFS(Leads!E:E,"Clínica de estética",Leads!B:B,"A") | D21: =COUNTIFS(Leads!E:E,"Clínica de estética",Leads!R:R,"Fechado")
A22: Confeitaria | B22: =COUNTIF(Leads!E:E,"Confeitaria") | C22: =COUNTIFS(Leads!E:E,"Confeitaria",Leads!B:B,"A") | D22: =COUNTIFS(Leads!E:E,"Confeitaria",Leads!R:R,"Fechado")
A23: Cílios/sobrancelhas | B23: =COUNTIF(Leads!E:E,"Cílios/sobrancelhas") | C23: =COUNTIFS(Leads!E:E,"Cílios/sobrancelhas",Leads!B:B,"A") | D23: =COUNTIFS(Leads!E:E,"Cílios/sobrancelhas",Leads!R:R,"Fechado")
A24: Dentista | B24: =COUNTIF(Leads!E:E,"Dentista") | C24: =COUNTIFS(Leads!E:E,"Dentista",Leads!B:B,"A") | D24: =COUNTIFS(Leads!E:E,"Dentista",Leads!R:R,"Fechado")
A25: Estética automotiva | B25: =COUNTIF(Leads!E:E,"Estética automotiva") | C25: =COUNTIFS(Leads!E:E,"Estética automotiva",Leads!B:B,"A") | D25: =COUNTIFS(Leads!E:E,"Estética automotiva",Leads!R:R,"Fechado")
A26: Hamburgueria | B26: =COUNTIF(Leads!E:E,"Hamburgueria") | C26: =COUNTIFS(Leads!E:E,"Hamburgueria",Leads!B:B,"A") | D26: =COUNTIFS(Leads!E:E,"Hamburgueria",Leads!R:R,"Fechado")
A27: Marcenaria | B27: =COUNTIF(Leads!E:E,"Marcenaria") | C27: =COUNTIFS(Leads!E:E,"Marcenaria",Leads!B:B,"A") | D27: =COUNTIFS(Leads!E:E,"Marcenaria",Leads!R:R,"Fechado")
A28: Médico | B28: =COUNTIF(Leads!E:E,"Médico") | C28: =COUNTIFS(Leads!E:E,"Médico",Leads!B:B,"A") | D28: =COUNTIFS(Leads!E:E,"Médico",Leads!R:R,"Fechado")
A29: Nutricionista | B29: =COUNTIF(Leads!E:E,"Nutricionista") | C29: =COUNTIFS(Leads!E:E,"Nutricionista",Leads!B:B,"A") | D29: =COUNTIFS(Leads!E:E,"Nutricionista",Leads!R:R,"Fechado")
A30: Pet shop | B30: =COUNTIF(Leads!E:E,"Pet shop") | C30: =COUNTIFS(Leads!E:E,"Pet shop",Leads!B:B,"A") | D30: =COUNTIFS(Leads!E:E,"Pet shop",Leads!R:R,"Fechado")
A31: Pilates/funcional | B31: =COUNTIF(Leads!E:E,"Pilates/funcional") | C31: =COUNTIFS(Leads!E:E,"Pilates/funcional",Leads!B:B,"A") | D31: =COUNTIFS(Leads!E:E,"Pilates/funcional",Leads!R:R,"Fechado")
A32: Pizzaria | B32: =COUNTIF(Leads!E:E,"Pizzaria") | C32: =COUNTIFS(Leads!E:E,"Pizzaria",Leads!B:B,"A") | D32: =COUNTIFS(Leads!E:E,"Pizzaria",Leads!R:R,"Fechado")
A33: Psicólogo | B33: =COUNTIF(Leads!E:E,"Psicólogo") | C33: =COUNTIFS(Leads!E:E,"Psicólogo",Leads!B:B,"A") | D33: =COUNTIFS(Leads!E:E,"Psicólogo",Leads!R:R,"Fechado")
A34: Quiropraxia/Fisio | B34: =COUNTIF(Leads!E:E,"Quiropraxia/Fisio") | C34: =COUNTIFS(Leads!E:E,"Quiropraxia/Fisio",Leads!B:B,"A") | D34: =COUNTIFS(Leads!E:E,"Quiropraxia/Fisio",Leads!R:R,"Fechado")
A35: Salão de beleza | B35: =COUNTIF(Leads!E:E,"Salão de beleza") | C35: =COUNTIFS(Leads!E:E,"Salão de beleza",Leads!B:B,"A") | D35: =COUNTIFS(Leads!E:E,"Salão de beleza",Leads!R:R,"Fechado")
A36: Unhas | B36: =COUNTIF(Leads!E:E,"Unhas") | C36: =COUNTIFS(Leads!E:E,"Unhas",Leads!B:B,"A") | D36: =COUNTIFS(Leads!E:E,"Unhas",Leads!R:R,"Fechado")

Sheet Como usar
A1: COMO USAR ESTA PLANILHA
A3: 1. Comece pelos leads de maior Score (já estão no topo). Score vai de 0 a 10.
A4: 2. Abra o Instagram do lead (coluna H). Confira: o link da bio NÃO é um site próprio e o último post tem menos de 15 dias. Se não passar, marque "Descartado".
A5: 3. Se passou, marque "Perfil conferido" e rode: node generator/instagram.mjs <slug> && npm run build (puxa logo e fotos reais).
A6: 4. Suba dist/demo/ para downway.com.br/demo/ e abra a prévia (coluna O) no celular para conferir.
A7: 5. Copie a Mensagem 1 (coluna P), troque [SEU NOME] e mande por DM. Marque "Contatado" e a data.
A8: 6. Dois dias sem resposta: mande o Follow-up (coluna Q) e marque "Follow-up enviado".
A9: 7. Meta: 10 abordagens por dia. Acompanhe a taxa de resposta na aba Resumo.
A11: REGRAS DE OURO
A12: • Mande as DMs à mão, uma a uma. Ferramenta de disparo em massa faz o Instagram bloquear a conta.
A13: • Advogados, médicos, psicólogos e nutricionistas: o site já sai sem preço, sem depoimento e sem promessa de resultado, com o registro visível. Isso é argumento de venda: "seu site já nasce dentro das regras do conselho".
A14: • Quem disser não ou não responder em 15 dias: apague a prévia do servidor.
... A21: "Meu conselho não deixa" → O site já segue as regras (registro visível, sem preço, sem promessa, sem depoimento). Posso te mostrar ponto por ponto.
